Country,Boat Number,Helm,Crew,Club,Race 1,Race 2,Race 3,Race 4,Race 5,Race 6,Race 7,Boat Name,Points Total,Points Netto,Place
GER,9275,Stefan Köchlin,Andréas Achterberg,SVS,2,5,[9),2,1,1,2,,22,13,1
DEN,9055,Fabiola van Wonterghem,Michael van Wonterghem,Holbæk sejlklub,1,3,2,5,[21 DNF],2,3,,37,16,2
DEN,9244,Jørgen Bojsen-Møller,Jacob Bojsen-Møller,Hellerup Sejlklub,[6),2,1,1,5,3,"5,5",,"23,5","17,5",3
GER,9260,Tim Böger,Finn Böger,HSC,3,1,4,8,2,[9),"5,5",,"32,5","23,5",4
FIN,9069,Rosemarie Hartman,Tuomas Laurila,M,7,4,8,[9),4,4,1,,37,28,5
DEN,8232,Jonas Christiansen,Brian Sørensen,Hellerup Sejlklub,8,[10),5,6,7,5,4,,45,35,6
DEN,9243,Per Larsen,Henrik Buhl,Hellerup Sejlklub,9,6,6,3,8,[21 DNC],21 DNC,,74,53,7
GER,8958,Nicholas Melzwig,Katharina Menge,LRV,10,9,[14),10,11,6,7,,67,53,8
DEN,8827,Torben Pihl,Klaus Søndergaard,Holbæk Sejlklub,11,14,10,11,6,7,[21 DNF],,80,59,9
SWE,9171,Martin Fridh,Mats Dahlander,LBS,5,11,[21 OCS],7,3,21 DNF,21 DNC,,89,68,10
GER,9256,Jens Biederer,Thomas Wasilewski,KYC,4,7,3,13,[21 DNF],21 DNC,21 DNC,,90,69,11
DEN,9025,Christian Seilman,Henrik Thomasen,Middelfart Sejlklub,13,8,7,4,[21 DNF],21 DNC,21 DNC,,95,74,12
DEN,8440,Troels Jepsen,Mads Christiansen,AS,[21 DNF],21 DNS,11,18,10,8,8,,97,76,13
FIN,9043,Hannu Pöyry,Matti Dillemuth,VVK,[21 DNS],13,16,14,9,21 DNC,21 DNC,,115,94,14
SWE,9222,Jacob Munck af Rosenschöld,Magnus Munck af Rosenschöld,LBS,12,15,15,12,[21 DNC],21 DNC,21 DNC,,117,96,15
GER,8849,Axel Dierich,Tobias Borchert,MYCVD,16,12,12,16,[21 DNF],21 DNC,21 DNC,,119,98,16
FRA,9014,Sylvester Holm,Agnete Schlichtkrull,Sundby Sejlforening,15,16,13,15,[21 DNF],21 DNC,21 DNC,,122,101,17
DEN,8828,Friederike Benecke,Jan Benecke,Kastrup Sejlklub,14,17,18,17,[21 DNF],21 DNC,21 DNC,,129,108,18
DEN,8592,Svend Erik Molbech,Henrik Aagesen,Nykøbing Sjælland Sejlklub,17,18,17,[21 DNS],21 DNC,21 DNC,21 DNC,,136,115,19
DEN,9109,Hans Genefke,Søren Hjorth,Skælskør Amatør-Sejlklub,[21 DNF],21 DNS,21 DNS,21 DNS,21 DNC,21 DNC,21 DNC,,147,126,20
